County,County Code,Births,% of Total Births,Total Population,Birth Rate,Female Population,Fertility Rate,Average Birth Weight,Average Age of Mother,Average LMP Gestational Age
"Baldwin County, AL",1003,26735,0.06%,2325982,11.49,415118,64.4,3251.97,27.3,38.38
"Calhoun County, AL",1015,16640,0.03%,1397401,11.91,277307,60.01,3195.4,25.85,38.18
"Etowah County, AL",1055,14529,0.03%,1243802,11.68,233344,62.26,3235.98,25.78,38.56
"Houston County, AL",1069,6593,0.01%,521490,12.64,101156,65.18,3203.31,26.88,38.34
"Jefferson County, AL",1073,108722,0.23%,7906177,13.75,1647471,65.99,3164.39,27.42,38.27
"Lee County, AL",1081,21110,0.04%,1782713,11.84,445221,47.41,3266.83,27.35,38.64
"Madison County, AL",1089,50255,0.10%,4123055,12.19,835046,60.18,3194.63,27.75,38.24
"Mobile County, AL",1097,68941,0.14%,4953555,13.92,1009312,68.3,3137.58,26.32,38.09
"Montgomery County, AL",1101,38679,0.08%,2732625,14.15,591328,65.41,3106.45,26.57,38.13
"Morgan County, AL",1103,17594,0.04%,1428761,12.31,265910,66.17,3218.06,26.33,38.39
"Shelby County, AL",1117,29240,0.06%,2418177,12.09,493607,59.24,3291.36,28.96,38.49
"Tuscaloosa County, AL",1125,29878,0.06%,2385531,12.52,582255,51.31,3165.02,26.77,38.23
"Unidentified Counties, AL",1999,293860,0.61%,24502210,11.99,4595303,63.95,3191.09,25.94,38.3
"Anchorage Borough, AK",2020,54547,0.11%,3518770,15.5,758049,71.96,3365.99,27.97,38.78
"Unidentified Counties, AK",2999,79245,0.16%,5141701,15.41,983263,80.59,3431.42,27.26,38.86
"Cochise County, AZ",4003,19712,0.04%,1544677,12.76,259161,76.06,3237.9,26.57,38.72
"Coconino County, AZ",4005,20845,0.04%,1638571,12.72,392818,53.07,3231.44,27.2,38.63
"Maricopa County, AZ",4013,671632,1.40%,48151728,13.95,9898720,67.85,3290.37,27.83,38.56
"Mohave County, AZ",4015,24275,0.05%,2438532,9.95,346454,70.07,3261.29,26.28,38.67
"Navajo County, AZ",4017,7545,0.02%,545805,13.82,93495,80.7,3216.95,26.77,38.53
"Pima County, AZ",4019,144635,0.30%,11950596,12.1,2333186,61.99,3270.61,27.43,38.58
"Pinal County, AZ",4021,57497,0.12%,4631209,12.42,797639,72.08,3322.41,27.15,38.61
"Yavapai County, AZ",4025,23239,0.05%,2608669,8.91,361220,64.33,3244.7,26.85,38.66
"Yuma County, AZ",4027,37656,0.08%,2402932,15.67,449608,83.75,3333.78,26.17,38.75
"Unidentified Counties, AZ",4999,52599,0.11%,3611415,14.56,622061,84.56,3246.6,26.02,38.59
"Benton County, AR",5007,41383,0.09%,2838743,14.58,582907,70.99,3298.5,27.68,38.64
"Faulkner County, AR",5045,7607,0.02%,613007,12.41,143438,53.03,3306.42,27.27,38.61
"Pulaski County, AR",5119,67397,0.14%,4644559,14.51,968389,69.6,3180.72,27.08,38.44
"Saline County, AR",5125,6657,0.01%,592626,11.23,112403,59.22,3279.62,27.89,38.91
"Sebastian County, AR",5131,21248,0.04%,1517550,14,298631,71.15,3260.67,26.25,38.51
"Washington County, AR",5143,38994,0.08%,2573205,15.15,590008,66.09,3275.89,27.34,38.59
"Unidentified Counties, AR",5999,282212,0.59%,22553683,12.51,4181815,67.49,3217.58,25.54,38.48
"Alameda County, CA",6001,235720,0.49%,18832002,12.52,4115526,57.28,3294.41,30.44,38.8
"Butte County, CA",6007,29374,0.06%,2677241,10.97,538987,54.5,3353.85,27.63,38.93
"Contra Costa County, CA",6013,149620,0.31%,13030174,11.48,2547389,58.73,3326.72,30.05,38.82
"El Dorado County, CA",6017,19778,0.04%,2194422,9.01,356734,55.44,3329.99,29.46,38.91
"Fresno County, CA",6019,189718,0.39%,11407967,16.63,2399679,79.06,3271.11,27.26,38.56
"Humboldt County, CA",6023,17902,0.04%,1617415,11.07,330225,54.21,3393.32,28.16,39.04
"Imperial County, CA",6025,36702,0.08%,2114460,17.36,411485,89.19,3329.82,26.87,38.94
"Kern County, CA",6029,170819,0.36%,10294804,16.59,2087946,81.81,3289.78,26.75,38.67
"Kings County, CA",6031,29472,0.06%,1816282,16.23,343361,85.83,3333.88,26.64,38.76
"Los Angeles County, CA",6037,1568537,3.26%,119604361,13.11,26186184,59.9,3263.45,29.15,38.62
"Madera County, CA",6039,28036,0.06%,1830862,15.31,394141,71.13,3304.76,27,38.7
"Marin County, CA",6041,28723,0.06%,3070625,9.35,482812,59.49,3356.38,32.6,38.92
"Merced County, CA",6047,50946,0.11%,3143522,16.21,661828,76.98,3303.51,27.05,38.74
"Monterey County, CA",6053,79631,0.17%,5085179,15.66,1021917,77.92,3345.44,27.81,38.86
"Napa County, CA",6055,17800,0.04%,1662578,10.71,307916,57.81,3364.19,29.46,38.93
"Orange County, CA",6059,466115,0.97%,37011062,12.59,7695620,60.57,3294.78,29.9,38.69
"Placer County, CA",6061,45356,0.09%,4351893,10.42,786362,57.68,3376.36,29.99,38.9
"Riverside County, CA",6065,370540,0.77%,27274233,13.59,5600501,66.16,3302.34,27.92,38.69
"Sacramento County, CA",6067,240187,0.50%,17520756,13.71,3680825,65.25,3329.71,28.5,38.8
"San Bernardino County, CA",6071,375339,0.78%,24989982,15.02,5379535,69.77,3266.03,27.48,38.59
"San Diego County, CA",6073,528429,1.10%,38244508,13.82,8111242,65.15,3313.96,29.08,38.76
"San Francisco County, CA",6075,107335,0.22%,10008953,10.72,2360874,45.46,3282.89,32.45,38.85
"San Joaquin County, CA",6077,124493,0.26%,8479515,14.68,1738059,71.63,3297.81,27.77,38.66
"San Luis Obispo County, CA",6079,31676,0.07%,3300912,9.6,624962,50.68,3370.79,28.98,38.91
"San Mateo County, CA",6081,109382,0.23%,8873108,12.33,1743659,62.73,3298.27,31.38,38.76
"Santa Barbara County, CA",6083,69421,0.14%,5191461,13.37,1107874,62.66,3322.41,28.18,38.78
"Santa Clara County, CA",6085,288236,0.60%,22116466,13.03,4602988,62.62,3280.19,30.67,38.74
"Santa Cruz County, CA",6087,36601,0.08%,3203483,11.43,675826,54.16,3357.73,29.37,38.96
"Shasta County, CA",6089,25072,0.05%,2142566,11.7,374888,66.88,3353.71,27.23,38.94
"Solano County, CA",6095,63189,0.13%,5102363,12.38,1003262,62.98,3341.78,28.5,38.9
"Sonoma County, CA",6097,62074,0.13%,5888441,10.54,1095784,56.65,3379.19,29.45,38.95
"Stanislaus County, CA",6099,93909,0.20%,6318253,14.86,1305790,71.92,3330.52,27.49,38.78
"Tulare County, CA",6107,93409,0.19%,5394814,17.31,1118325,83.53,3312.95,26.79,38.69
"Ventura County, CA",6111,127029,0.26%,10003842,12.7,1973618,64.36,3321.21,28.91,38.75
"Yolo County, CA",6113,29010,0.06%,2478830,11.7,619972,46.79,3392.88,29.23,39.03
"Unidentified Counties, CA",6999,126443,0.26%,11149394,11.34,1836288,68.86,3344.97,27.52,38.94
"Adams County, CO",8001,81529,0.17%,5583473,14.6,1202351,67.81,3204.1,27.8,38.74
"Arapahoe County, CO",8005,92034,0.19%,7198480,12.79,1502097,61.27,3183.91,28.9,38.63
"Boulder County, CO",8013,35537,0.07%,3684311,9.65,802896,44.26,3238.77,30.71,38.86
"Denver County, CO",8031,122828,0.26%,7693593,15.96,1837871,66.83,3189.28,29.12,38.75
"Douglas County, CO",8035,42666,0.09%,3649605,11.69,725402,58.82,3209.09,31.11,38.55
"El Paso County, CO",8041,109930,0.23%,7791359,14.11,1603632,68.55,3162.4,27.67,38.55
"Jefferson County, CO",8059,70068,0.15%,6608168,10.6,1243269,56.36,3218.01,29.66,38.75
"Larimer County, CO",8069,40716,0.08%,3798274,10.72,820631,49.62,3232.57,29.11,38.76
"Mesa County, CO",8077,22207,0.05%,1771322,12.54,330214,67.25,3230.86,26.82,38.82
"Pueblo County, CO",8101,23144,0.05%,1936219,11.95,360209,64.25,3144.95,26.27,38.49
"Weld County, CO",8123,48213,0.10%,3250980,14.83,679056,71,3245.08,27.67,38.75
"Unidentified Counties, CO",8999,108491,0.23%,9957653,10.9,1724338,62.92,3173.85,28.05,38.71
"Fairfield County, CT",9001,124620,0.26%,11159622,11.17,2120353,58.77,3306.45,30.91,38.76
"Hartford County, CT",9003,115535,0.24%,10722656,10.77,2065852,55.93,3255.16,29.17,38.61
"Litchfield County, CT",9005,18092,0.04%,2237681,8.09,367925,49.17,3333.09,30.03,38.82
"Middlesex County, CT",9007,17109,0.04%,1976008,8.66,350711,48.78,3347.81,30.7,38.84
"New Haven County, CT",9009,110051,0.23%,10314612,10.67,2064803,53.3,3268.59,29.13,38.74
"New London County, CT",9011,33010,0.07%,3263967,10.11,601899,54.84,3327.38,28.81,38.85
"Tolland County, CT",9013,14226,0.03%,1818032,7.82,382275,37.21,3337.56,30.32,38.85
"Windham County, CT",9015,13917,0.03%,1408175,9.88,273255,50.93,3294.9,28.03,38.74
"Kent County, DE",10001,26356,0.05%,2011882,13.1,409876,64.3,3262.72,27.28,38.7
"New Castle County, DE",10003,80821,0.17%,6563293,12.31,1362858,59.3,3250.42,28.66,38.53
"Sussex County, DE",10005,27723,0.06%,2482811,11.17,384858,72.03,3286.37,27.22,38.77
"District of Columbia, DC",11001,111898,0.23%,7654077,14.62,2050042,54.58,3205.24,29.35,38.57
"Alachua County, FL",12001,34511,0.07%,3052539,11.31,792909,43.52,3236.06,28.14,38.63
"Bay County, FL",12005,27381,0.06%,2098118,13.05,396157,69.12,3262.01,26.63,38.44
"Brevard County, FL",12009,62883,0.13%,6699392,9.39,1087934,57.8,3271.24,27.86,38.68
"Broward County, FL",12011,263094,0.55%,21922417,12,4362077,60.31,3196.19,29.38,38.38
"Charlotte County, FL",12015,12649,0.03%,2014597,6.28,229990,55,3231.36,27.14,38.44
"Citrus County, FL",12017,12804,0.03%,1702007,7.52,208662,61.36,3276.52,26.25,38.77
"Clay County, FL",12019,26201,0.05%,2375003,11.03,464950,56.35,3265.19,27.53,38.53
"Collier County, FL",12021,40466,0.08%,4093872,9.88,603760,67.02,3278.22,28.44,38.52
"Duval County, FL",12031,155522,0.32%,10691772,14.55,2280390,68.2,3215.52,27.5,38.49
"Escambia County, FL",12033,47563,0.10%,3662422,12.99,716601,66.37,3203.15,26.58,38.39
"Hernando County, FL",12053,18585,0.04%,2122560,8.76,328261,56.62,3252.61,27.17,38.68
"Hillsborough County, FL",12057,204337,0.42%,15548874,13.14,3330459,61.35,3231.42,27.93,38.58
"Indian River County, FL",12061,15475,0.03%,1723373,8.98,243617,63.52,3275.94,27.66,38.77
"Lake County, FL",12069,38519,0.08%,3767838,10.22,605817,63.58,3253.32,27.39,38.52
"Lee County, FL",12071,80104,0.17%,7982154,10.04,1280242,62.57,3252.06,27.76,38.55
"Leon County, FL",12073,37030,0.08%,3372860,10.98,901457,41.08,3219.81,27.93,38.62
"Manatee County, FL",12081,42594,0.09%,4153292,10.26,657477,64.78,3284.52,27.45,38.73
"Marion County, FL",12083,41763,0.09%,4068651,10.26,638490,65.41,3248.49,26.55,38.73
"Martin County, FL",12085,14784,0.03%,1816521,8.14,242525,60.96,3287.24,28.44,38.79
"Miami-Dade County, FL",12086,384881,0.80%,31157306,12.35,6435637,59.8,3215.45,29.08,38.3
"Okaloosa County, FL",12091,32478,0.07%,2300365,14.12,436698,74.37,3273.22,27.21,38.58
"Orange County, FL",12095,194423,0.40%,14675217,13.25,3385180,57.43,3223.81,28.45,38.41
"Osceola County, FL",12097,48895,0.10%,3601892,13.57,767492,63.71,3236.36,27.6,38.5
"Palm Beach County, FL",12099,175331,0.36%,16494332,10.63,2856622,61.38,3215.65,29.11,38.45
"Pasco County, FL",12101,60070,0.12%,5815427,10.33,1000372,60.05,3263.16,27.97,38.65
"Pinellas County, FL",12103,103215,0.21%,11229291,9.19,1881737,54.85,3265.97,28.16,38.65
"Polk County, FL",12105,91899,0.19%,7575591,12.13,1397596,65.76,3263.51,26.71,38.66
"St. Johns County, FL",12109,23753,0.05%,2518735,9.43,444170,53.48,3328.36,29.61,38.85
"St. Lucie County, FL",12111,37352,0.08%,3473953,10.75,596561,62.61,3248.91,27.71,38.56
"Santa Rosa County, FL",12113,22354,0.05%,1923904,11.62,353388,63.26,3296.5,27.54,38.63
"Sarasota County, FL",12115,35236,0.07%,4728919,7.45,623693,56.5,3309.41,28.38,38.79
"Seminole County, FL",12117,54825,0.11%,5242221,10.46,1084072,50.57,3275.65,28.95,38.62
"Volusia County, FL",12127,59070,0.12%,6119148,9.65,1016816,58.09,3258.96,27.34,38.68
"Unidentified Counties, FL",12999,162970,0.34%,15613241,10.44,2351410,69.31,3241.85,26.36,38.58
"Bartow County, GA",13015,6451,0.01%,519752,12.41,101777,63.38,3289.52,27.09,38.72
"Bibb County, GA",13021,28658,0.06%,1853330,15.46,389000,73.67,3080.71,26.25,38.14
"Carroll County, GA",13045,7846,0.02%,580832,13.51,126946,61.81,3266.88,26.8,38.67
"Chatham County, GA",13051,47650,0.10%,3300025,14.44,731562,65.13,3192.83,27.29,38.29
"Cherokee County, GA",13057,34115,0.07%,2712396,12.58,547964,62.26,3318.88,29.16,38.67
"Clarke County, GA",13059,17676,0.04%,1446146,12.22,438818,40.28,3215.56,27.71,38.37
"Clayton County, GA",13063,48064,0.10%,3229398,14.88,757305,63.47,3141.16,26.99,38.26
"Cobb County, GA",13067,117365,0.24%,8578383,13.68,1882389,62.35,3257.26,29.5,38.57
"Columbia County, GA",13073,8524,0.02%,736629,11.57,150185,56.76,3310.9,29.23,38.83
"Coweta County, GA",13077,8232,0.02%,703502,11.7,138965,59.24,3262.21,28.4,38.59
"DeKalb County, GA",13089,132806,0.28%,8576645,15.48,1986588,66.85,3183.23,28.8,38.39
"Douglas County, GA",13097,8603,0.02%,710946,12.1,152761,56.32,3204.96,28.24,38.44
"Fayette County, GA",13113,4460,0.01%,558013,7.99,95908,46.5,3266.97,30.23,38.54
"Forsyth County, GA",13117,11216,0.02%,1102328,10.17,212709,52.73,3318.1,30.91,38.68
"Fulton County, GA",13121,164953,0.34%,11617534,14.2,2703225,61.02,3167.47,28.99,38.43
"Gwinnett County, GA",13135,139696,0.29%,10201659,13.69,2224756,62.79,3254.99,29.18,38.42
"Hall County, GA",13139,32358,0.07%,2246539,14.4,445560,72.62,3275.57,27.3,38.6
"Henry County, GA",13151,32025,0.07%,2523888,12.69,555909,57.61,3221.34,28.04,38.43
"Houston County, GA",13153,23888,0.05%,1742544,13.71,369521,64.65,3225.58,27.07,38.37
"Lowndes County, GA",13185,8305,0.02%,572826,14.5,134750,61.63,3187.35,26.89,38.41
"Muscogee County, GA",13215,38313,0.08%,2330661,16.44,496783,77.12,3155.34,26.26,38.15
"Paulding County, GA",13223,8281,0.02%,780539,10.61,165443,50.05,3311.34,28.46,38.67
"Richmond County, GA",13245,37736,0.08%,2407913,15.67,515119,73.26,3131.97,26.15,38.34
"Whitfield County, GA",13313,6927,0.01%,521067,13.29,102596,67.52,3280.2,26.96,38.64
"Unidentified Counties, GA",13999,638160,1.33%,49908585,12.79,9764129,65.36,3209.66,26.35,38.31
"Hawaii County, HI",15001,29022,0.06%,2285128,12.7,402493,72.11,3234.8,27.79,38.83
"Honolulu County, HI",15003,159451,0.33%,11630644,13.71,2270373,70.23,3234.69,28.86,38.71
"Maui County, HI",15009,24047,0.05%,1909082,12.6,353794,67.97,3259.65,28.63,38.96
"Unidentified Counties, HI",15999,10414,0.02%,828979,12.56,144445,72.1,3226.78,28.56,38.82
"Ada County, ID",16001,61978,0.13%,4996585,12.4,1018643,60.84,3333.72,28.75,38.8
"Bonneville County, ID",16019,9446,0.02%,562393,16.8,110867,85.2,3227.33,27.62,38.39
"Canyon County, ID",16027,38314,0.08%,2387891,16.05,486058,78.83,3326.77,26.88,38.75
"Kootenai County, ID",16055,21097,0.04%,1743218,12.1,321210,65.68,3375.69,27.49,39.01
"Unidentified Counties, ID",16999,145688,0.30%,9707893,15.01,1833404,79.46,3283.57,26.86,38.71
"Champaign County, IL",17019,28687,0.06%,2448893,11.71,618135,46.41,3284.38,28.24,38.65
"Cook County, IL",17031,847704,1.76%,62461527,13.57,13574250,62.45,3237.19,28.9,38.57
"DeKalb County, IL",17037,5740,0.01%,523218,10.97,125604,45.7,3310.94,28.56,38.62
"DuPage County, IL",17043,129533,0.27%,11084744,11.69,2156693,60.06,3315.36,30.47,38.67
"Kane County, IL",17089,85025,0.18%,6251883,13.6,1245853,68.25,3305.42,28.79,38.55
"Kankakee County, IL",17091,16699,0.03%,1341462,12.45,264211,63.2,3240.39,27,38.45
"Kendall County, IL",17093,7853,0.02%,623533,12.59,133716,58.73,3325.47,30.43,38.55
"Lake County, IL",17097,98672,0.21%,8422724,11.71,1609853,61.29,3301.42,29.47,38.63
"LaSalle County, IL",17099,14774,0.03%,1347275,10.97,231809,63.73,3301.6,27.26,38.62
"McHenry County, IL",17111,40666,0.08%,3693010,11.01,700608,58.04,3337.49,29.67,38.57
"McLean County, IL",17113,25084,0.05%,2052594,12.22,491994,50.98,3282.97,28.46,38.47
"Macon County, IL",17115,16389,0.03%,1305685,12.55,245637,66.72,3225.51,26.21,38.49
"Madison County, IL",17119,37732,0.08%,3205858,11.77,626303,60.25,3264.55,27.45,38.52
"Peoria County, IL",17143,31938,0.07%,2226970,14.34,445661,71.66,3256.78,27.13,38.51
"Rock Island County, IL",17161,22501,0.05%,1758053,12.8,321649,69.96,3299.65,27.01,38.68
"St. Clair County, IL",17163,41513,0.09%,3191977,13.01,638636,65,3221.24,27.05,38.45
"Sangamon County, IL",17167,28356,0.06%,2367032,11.98,454501,62.39,3227.89,27.68,38.44
"Tazewell County, IL",17179,19016,0.04%,1616180,11.77,292313,65.05,3363.75,27.77,38.69
"Will County, IL",17197,99447,0.21%,8182044,12.15,1653186,60.15,3308.43,29.4,38.57
"Winnebago County, IL",17201,44921,0.09%,3487675,12.88,665288,67.52,3257.94,27.17,38.53
"Unidentified Counties, IL",17999,294469,0.61%,26189841,11.24,4692079,62.76,3302.8,27.03,38.63
"Allen County, IN",18003,63426,0.13%,4344573,14.6,873394,72.62,3231.7,27.31,38.44
"Clark County, IN",18019,7294,0.02%,579997,12.58,112512,64.83,3282.82,27.54,38.55
"Delaware County, IN",18035,14743,0.03%,1401390,10.52,322044,45.78,3232.65,26.32,38.5
"Elkhart County, IN",18039,37795,0.08%,2408080,15.7,467000,80.93,3320.33,26.63,38.83
"Hamilton County, IN",18057,46016,0.10%,3511186,13.11,719823,63.93,3328.59,30.54,38.54
"Hendricks County, IN",18063,21053,0.04%,1825213,11.53,358201,58.77,3340.67,28.9,38.57
"Johnson County, IN",18081,22200,0.05%,1738761,12.77,345597,64.24,3321.85,27.72,38.61
"Lake County, IN",18089,73926,0.15%,5895298,12.54,1148248,64.38,3235.48,27.4,38.44
"La Porte County, IN",18091,15986,0.03%,1331325,12.01,226005,70.73,3237.64,26.6,38.52
"Madison County, IN",18095,18314,0.04%,1566267,11.69,286976,63.82,3259.67,26.19,38.49
"Marion County, IN",18097,176112,0.37%,11052680,15.93,2442376,72.11,3233.21,27.21,38.49
"Monroe County, IN",18105,15600,0.03%,1691236,9.22,459771,33.93,3342.55,28.31,38.85
"Porter County, IN",18127,21172,0.04%,1989617,10.64,387333,54.66,3337.6,28.27,38.7
"St. Joseph County, IN",18141,42844,0.09%,3213243,13.33,658096,65.1,3283.1,27.26,38.71
"Tippecanoe County, IN",18157,27258,0.06%,2152987,12.66,525748,51.85,3317.11,27.58,38.78
"Vanderburgh County, IN",18163,27352,0.06%,2165295,12.63,438487,62.38,3221.67,26.71,38.28
"Vigo County, IN",18167,15344,0.03%,1292939,11.87,260641,58.87,3271.12,25.97,38.53
"Unidentified Counties, IN",18999,367841,0.76%,30420887,12.09,5485634,67.06,3295.92,26.63,38.65
"Black Hawk County, IA",19013,20581,0.04%,1578871,13.04,342903,60.02,3316.86,27.39,38.69
"Johnson County, IA",19103,21183,0.04%,1654465,12.8,429178,49.36,3342.14,29.74,38.74
"Linn County, IA",19113,33511,0.07%,2590474,12.94,517721,64.73,3363.04,28.19,38.7
"Polk County, IA",19153,81361,0.17%,5392334,15.09,1140315,71.35,3340.41,28.22,38.71
"Scott County, IA",19163,26817,0.06%,2018765,13.28,392903,68.25,3327.25,27.56,38.68
"Woodbury County, IA",19193,18500,0.04%,1224917,15.1,238946,77.42,3302.65,26.89,38.48
"Unidentified Counties, IA",19999,268374,0.56%,22529830,11.91,3944193,68.04,3358.78,27.51,38.74
"Douglas County, KS",20045,5974,0.01%,596307,10.02,154864,38.58,3305.62,29.27,38.48
"Johnson County, KS",20091,89529,0.19%,6747081,13.27,1358746,65.89,3349.86,29.87,38.67
"Sedgwick County, KS",20173,91730,0.19%,6027973,15.22,1205939,76.07,3280.04,27.05,38.5
"Shawnee County, KS",20177,28405,0.06%,2132057,13.32,401469,70.75,3284.36,26.94,38.41
"Wyandotte County, KS",20209,32963,0.07%,1920465,17.16,391104,84.28,3240.78,26.41,38.5
"Unidentified Counties, KS",20999,225313,0.47%,17052479,13.21,3175527,70.95,3300.04,26.75,38.59
"Boone County, KY",21015,8476,0.02%,644922,13.14,124870,67.88,3329.68,28.86,38.77
"Fayette County, KY",21067,48226,0.10%,3664250,13.16,848504,56.84,3256.38,28.32,38.48
"Hardin County, KY",21093,7363,0.02%,540448,13.62,103642,71.04,3277.99,26.93,38.55
"Jefferson County, KY",21111,121357,0.25%,9016277,13.46,1809531,67.07,3243.07,27.66,38.53
"Kenton County, KY",21117,28543,0.06%,1945055,14.67,390119,73.16,3283.77,27.66,38.69
"Warren County, KY",21227,8354,0.02%,628952,13.28,144322,57.88,3273.48,27.69,38.57
"Unidentified Counties, KY",21999,451837,0.94%,36106267,12.51,6828181,66.17,3251.87,26.16,38.49
"Ascension Parish, LA",22005,8553,0.02%,605691,14.12,124947,68.45,3223.15,28.29,38.23
"Bossier Parish, LA",22015,8799,0.02%,631115,13.94,128635,68.4,3182.01,27.41,38.15
"Caddo Parish, LA",22017,44141,0.09%,3023375,14.6,614801,71.8,3062.65,26.05,37.78
"Calcasieu Parish, LA",22019,34018,0.07%,2345888,14.5,472297,72.03,3162.49,26.18,38.3
"East Baton Rouge Parish, LA",22033,73671,0.15%,5303108,13.89,1211084,60.83,3128.75,27.1,38.09
"Jefferson Parish, LA",22051,70440,0.15%,5211599,13.52,1023564,68.82,3194.24,27.6,38.42
"Lafayette Parish, LA",22055,39621,0.08%,2752706,14.39,604978,65.49,3237.21,27.38,38.42
"Livingston Parish, LA",22063,9285,0.02%,691472,13.43,142482,65.17,3263.37,27.26,38.36
"Orleans Parish, LA",22071,56052,0.12%,4300660,13.03,983435,57,3115.46,27.63,38.35
"Ouachita Parish, LA",22073,27358,0.06%,1856582,14.74,393971,69.44,3099.34,25.95,37.97
"Rapides Parish, LA",22079,22144,0.05%,1580464,14.01,307993,71.9,3153.59,26,37.85
"St. Tammany Parish, LA",22103,34767,0.07%,2903038,11.98,542388,64.1,3241.7,28.35,38.49
"Tangipahoa Parish, LA",22105,23033,0.05%,1500731,15.35,320961,71.76,3165.27,26.04,38.22
"Terrebonne Parish, LA",22109,19974,0.04%,1345844,14.84,271749,73.5,3180,26.09,38.25
"Unidentified Counties, LA",22999,287796,0.60%,20932490,13.75,4041798,71.2,3162.96,25.92,38.15
"Androscoggin County, ME",23001,15727,0.03%,1291488,12.18,245826,63.98,3331.69,27.35,39.04
"Cumberland County, ME",23005,33679,0.07%,3430755,9.82,660389,51,3371.5,30.02,38.99
"Kennebec County, ME",23011,14358,0.03%,1458640,9.84,263802,54.43,3362.09,27.49,38.99
"Penobscot County, ME",23019,17827,0.04%,1835158,9.71,358475,49.73,3355.04,27.56,38.78
"York County, ME",23031,22786,0.05%,2400844,9.49,425938,53.5,3366.39,28.54,38.96
"Unidentified Counties, ME",23999,50689,0.11%,5549504,9.13,906393,55.92,3360.6,27.34,39.03
"Anne Arundel County, MD",24003,82908,0.17%,6608432,12.55,1301535,63.7,3290.76,29.47,38.65
"Baltimore County, MD",24005,119341,0.25%,9801950,12.18,1993606,59.86,3250.11,29.13,38.56
"Carroll County, MD",24013,20219,0.04%,2010377,10.06,361399,55.95,3360.33,29.35,38.78
"Cecil County, MD",24015,5718,0.01%,512940,11.15,94440,60.55,3309.08,28.11,38.69
"Charles County, MD",24017,22139,0.05%,1820218,12.16,383199,57.77,3235.93,28.48,38.43
"Frederick County, MD",24021,33920,0.07%,2883070,11.77,566026,59.93,3324.26,29.52,38.75
"Harford County, MD",24025,32886,0.07%,2974793,11.05,565356,58.17,3324.86,29.24,38.71
"Howard County, MD",24027,41424,0.09%,3605139,11.49,718584,57.65,3277.35,31.08,38.66
"Montgomery County, MD",24031,158479,0.33%,12042215,13.16,2407529,65.83,3276.39,31.03,38.59
"Prince George's County, MD",24033,147228,0.31%,10606194,13.88,2324300,63.34,3201.1,28.72,38.4
"St. Mary's County, MD",24037,7027,0.01%,559713,12.55,111148,63.22,3375.41,28.9,38.89
"Washington County, MD",24043,21023,0.04%,1785155,11.78,318062,66.1,3297.25,27.37,38.74
"Baltimore city, MD",24510,106618,0.22%,7418348,14.37,1728738,61.67,3133.73,27.12,38.38
"Unidentified Counties, MD",24999,86637,0.18%,7949585,10.9,1475658,58.71,3304.63,27.57,38.76
"Barnstable County, MA",25001,19680,0.04%,2583890,7.62,359269,54.78,3368.94,29.79,38.97
"Berkshire County, MA",25003,13280,0.03%,1551904,8.56,269257,49.32,3290.52,28.41,38.84
"Bristol County, MA",25005,69920,0.15%,6634932,10.54,1302176,53.69,3280.81,28.68,38.76
"Essex County, MA",25009,102792,0.21%,9114363,11.28,1742062,59.01,3314.44,29.64,38.79
"Hampden County, MA",25013,64149,0.13%,5594321,11.47,1115980,57.48,3283.5,27.52,38.88
"Hampshire County, MA",25015,13142,0.03%,1914896,6.86,478701,27.45,3395.03,30.62,39.05
"Middlesex County, MA",25017,210644,0.44%,18509081,11.38,3879255,54.3,3318.99,31.49,38.82
"Norfolk County, MA",25021,87280,0.18%,8191687,10.65,1596236,54.68,3331.49,31.95,38.72
"Plymouth County, MA",25023,63049,0.13%,6029786,10.46,1090460,57.82,3349.35,30.31,38.77
"Suffolk County, MA",25025,113557,0.24%,8999463,12.62,2435512,46.63,3259.57,29.99,38.68
"Worcester County, MA",25027,106078,0.22%,9698408,10.94,1899799,55.84,3314.22,29.25,38.85
"Unidentified Counties, MA",25999,11220,0.02%,1183118,9.48,203757,55.07,3390.57,29.61,39.07
"Allegan County, MI",26005,16646,0.03%,1359274,12.25,245175,67.89,3371.39,27.52,38.79
"Bay County, MI",26017,13114,0.03%,1277760,10.26,225289,58.21,3336.47,27.34,38.85
"Berrien County, MI",26021,22514,0.05%,1869169,12.04,333528,67.5,3291.62,27.01,38.78
"Calhoun County, MI",26025,20109,0.04%,1625136,12.37,305369,65.85,3283.96,26.37,38.81
"Eaton County, MI",26045,13652,0.03%,1301373,10.49,244034,55.94,3333.86,27.74,38.77
"Genesee County, MI",26049,61264,0.13%,5027470,12.19,969225,63.21,3209.68,26.65,38.44
"Ingham County, MI",26065,40262,0.08%,3412014,11.8,832114,48.39,3284.08,27.78,38.67
"Jackson County, MI",26075,21899,0.05%,1920087,11.41,338984,64.6,3295.38,26.59,38.8
"Kalamazoo County, MI",26077,37519,0.08%,3063616,12.25,675839,55.51,3314.88,27.78,38.81
"Kent County, MI",26081,106635,0.22%,7456144,14.3,1561441,68.29,3323.15,28.01,38.75
"Livingston County, MI",26093,20745,0.04%,2216537,9.36,388565,53.39,3379.24,29.77,38.88
"Macomb County, MI",26099,111977,0.23%,10237086,10.94,1961542,57.09,3261.63,28.84,38.55
"Monroe County, MI",26115,18814,0.04%,1812219,10.38,328959,57.19,3318.35,27.62,38.64
"Muskegon County, MI",26121,26037,0.05%,2070842,12.57,384129,67.78,3243.45,26.29,38.6
"Oakland County, MI",26125,161831,0.34%,14699280,11.01,2800177,57.79,3285.57,29.93,38.65
"Ottawa County, MI",26139,40115,0.08%,3272097,12.26,688624,58.25,3387.34,28.29,38.79
"Saginaw County, MI",26145,27627,0.06%,2363476,11.69,444742,62.12,3236.37,26.69,38.58
"St. Clair County, MI",26147,19639,0.04%,1941518,10.12,342684,57.31,3298.7,27.25,38.61
"Washtenaw County, MI",26161,44711,0.09%,4247417,10.53,1004387,44.52,3307.97,29.99,38.85
"Wayne County, MI",26163,287769,0.60%,21574918,13.34,4363587,65.95,3187.43,27.27,38.43
"Unidentified Counties, MI",26999,268382,0.56%,26360119,10.18,4492629,59.74,3343.55,27.08,38.87
"Anoka County, MN",27003,50817,0.11%,4059919,12.52,793597,64.03,3366.27,29.22,38.82
"Dakota County, MN",27037,63476,0.13%,4887603,12.99,969111,65.5,3368.08,29.7,38.85
"Hennepin County, MN",27053,196946,0.41%,14291837,13.78,3044976,64.68,3321.18,29.85,38.84
"Olmsted County, MN",27109,26141,0.05%,1776758,14.71,353045,74.04,3374.23,29.27,39
"Ramsey County, MN",27123,92185,0.19%,6288908,14.66,1358929,67.84,3301.18,28.63,38.9
"St. Louis County, MN",27137,24426,0.05%,2401300,10.17,446392,54.72,3381.64,28.04,38.89
"Scott County, MN",27139,9138,0.02%,718220,12.72,142709,64.03,3394.09,30.48,38.92
"Stearns County, MN",27145,23756,0.05%,1830627,12.98,387131,61.36,3363.01,28.38,38.65
"Washington County, MN",27163,33992,0.07%,2938399,11.57,554417,61.31,3372.15,30.03,38.88
"Wright County, MN",27171,8819,0.02%,664414,13.27,125728,70.14,3415.07,29.72,38.79
"Unidentified Counties, MN",27999,307482,0.64%,24980248,12.31,4481681,68.61,3385.09,28.09,38.79
"DeSoto County, MS",28033,25625,0.05%,2006986,12.77,428411,59.81,3258.52,27.39,38.51
"Harrison County, MS",28047,33581,0.07%,2330772,14.41,471921,71.16,3189.28,26.4,38.37
"Hinds County, MS",28049,41195,0.09%,2927157,14.07,656981,62.7,3022.78,26.01,37.77
"Jackson County, MS",28059,20411,0.04%,1682544,12.13,331787,61.52,3173.54,26.3,38.3
"Rankin County, MS",28121,22900,0.05%,1747034,13.11,368827,62.09,3200.74,27.5,38.05
"Unidentified Counties, MS",28999,337241,0.70%,25008147,13.49,4955375,68.06,3121.45,25.66,38.11
"Boone County, MO",29019,25192,0.05%,2024458,12.44,524828,48,3294.59,28.33,38.54
"Clay County, MO",29047,37228,0.08%,2748783,13.54,564606,65.94,3326.52,28.28,38.69
"Franklin County, MO",29071,6129,0.01%,514348,11.92,89907,68.17,3328.3,27.56,38.7
"Greene County, MO",29077,42560,0.09%,3373729,12.62,726053,58.62,3320.78,26.94,38.74
"Jackson County, MO",29095,116799,0.24%,8168893,14.3,1680248,69.51,3256.25,27.2,38.57
"Jasper County, MO",29097,20597,0.04%,1408944,14.62,284744,72.34,3307.72,25.92,38.69
"Jefferson County, MO",29099,32192,0.07%,2648162,12.16,509772,63.15,3310.84,27.65,38.6
"St. Charles County, MO",29183,54528,0.11%,4471960,12.19,887353,61.45,3337.56,29.32,38.66
"St. Louis County, MO",29189,140076,0.29%,11993356,11.68,2316772,60.46,3247.07,28.87,38.5
"St. Louis city, MO",29510,57236,0.12%,3784679,15.12,886411,64.57,3143.75,27.1,38.31
"Unidentified Counties, MO",29999,384308,0.80%,31181323,12.32,5651499,68,3290,26.4,38.65
"Missoula County, MT",30063,5864,0.01%,579227,10.12,128032,45.8,3307.33,29.16,38.91
"Yellowstone County, MT",30111,23592,0.05%,1826559,12.92,350436,67.32,3278.71,27.52,38.67
"Unidentified Counties, MT",30999,117067,0.24%,9739083,12.02,1734093,67.51,3292.21,27.49,38.71
"Douglas County, NE",31055,101994,0.21%,6402487,15.93,1356833,75.17,3288.7,28.34,38.53
"Lancaster County, NE",31109,48824,0.10%,3553894,13.74,779357,62.65,3327.12,28.45,38.6
"Sarpy County, NE",31153,30726,0.06%,2006514,15.31,421652,72.87,3355.17,28.71,38.64
"Unidentified Counties, NE",31999,134361,0.28%,10356782,12.97,1778202,75.56,3329.85,27.35,38.69
"Clark County, NV",32003,329001,0.68%,24445316,13.46,5073700,64.84,3230.38,28,38.47
"Washoe County, NV",32031,65692,0.14%,5218914,12.59,1034299,63.51,3232.05,27.93,38.72
"Unidentified Counties, NV",32999,44634,0.09%,3950510,11.3,642962,69.42,3238.75,26.8,38.71
"Hillsborough County, NH",33011,52833,0.11%,4852438,10.89,936349,56.42,3349.83,29.11,38.94
"Merrimack County, NH",33013,16560,0.03%,1771646,9.35,326516,50.72,3361.23,28.87,39
"Rockingham County, NH",33015,31903,0.07%,3593783,8.88,638520,49.96,3368.13,30.37,38.9
"Strafford County, NH",33017,15100,0.03%,1501501,10.06,334005,45.21,3353.41,28.68,38.99
"Unidentified Counties, NH",33999,36418,0.08%,4195490,8.68,736153,49.47,3363.12,28.08,39.05
"Atlantic County, NJ",34001,38700,0.08%,3275303,11.82,623367,62.08,3254.12,28.26,38.62
"Bergen County, NJ",34003,113126,0.24%,11043127,10.24,2077064,54.46,3256.47,31.73,38.6
"Burlington County, NJ",34005,55938,0.12%,5385478,10.39,991226,56.43,3286.94,29.84,38.68
"Camden County, NJ",34007,78475,0.16%,6144266,12.77,1228703,63.87,3248.23,28.58,38.64
"Cape May County, NJ",34009,6498,0.01%,678541,9.58,105067,61.85,3327.04,27.6,38.86
"Cumberland County, NJ",34011,25772,0.05%,1866418,13.81,345859,74.52,3217.16,26.54,38.56
"Essex County, NJ",34013,128556,0.27%,9483642,13.56,2004167,64.14,3200.74,29.36,38.5
"Gloucester County, NJ",34015,37037,0.08%,3473137,10.66,681765,54.33,3308.29,29.71,38.75
"Hudson County, NJ",34017,121669,0.25%,7839454,15.52,1853995,65.63,3221.47,29.98,38.63
"Hunterdon County, NJ",34019,11707,0.02%,1521072,7.7,249671,46.89,3331.05,32.13,38.72
"Mercer County, NJ",34021,51991,0.11%,4423390,11.75,907411,57.3,3235.3,29.51,38.64
"Middlesex County, NJ",34023,116978,0.24%,9859320,11.86,2042759,57.26,3245.1,30.07,38.67
"Monmouth County, NJ",34025,75152,0.16%,7534662,9.97,1350917,55.63,3298.43,30.82,38.69
"Morris County, NJ",34027,57643,0.12%,5945105,9.7,1081695,53.29,3305.65,31.96,38.73
"Ocean County, NJ",34029,99532,0.21%,6994897,14.23,1143085,87.07,3337.68,28.92,39.06
"Passaic County, NJ",34031,85008,0.18%,6041855,14.07,1246436,68.2,3227.77,28.74,38.47
"Somerset County, NJ",34035,41301,0.09%,3930746,10.51,732439,56.39,3265.4,31.42,38.62
"Sussex County, NJ",34037,15823,0.03%,1755033,9.02,308613,51.27,3346.01,30.72,38.81
"Union County, NJ",34039,83831,0.17%,6539461,12.82,1304070,64.28,3263.55,30.07,38.67
"Warren County, NJ",34041,12568,0.03%,1292179,9.73,232426,54.07,3310.16,29.98,38.71
"Unidentified Counties, NJ",34999,12961,0.03%,1249290,10.37,210197,61.66,3306.64,27.91,38.79
"Bernalillo County, NM",35001,100056,0.21%,8007012,12.5,1635837,61.17,3187.81,27.51,38.64
"Dona Ana County, NM",35013,36212,0.08%,2530124,14.31,534620,67.73,3224.72,26.01,38.69
"Sandoval County, NM",35043,7175,0.01%,706713,10.15,131126,54.72,3175.58,28.38,38.54
"San Juan County, NM",35045,22653,0.05%,1505259,15.05,296188,76.48,3243.62,26.19,38.64
"Santa Fe County, NM",35049,16648,0.03%,1753042,9.5,297431,55.97,3128.55,27.84,38.83
"Unidentified Counties, NM",35999,138972,0.29%,10282806,13.51,1872618,74.21,3185.44,25.98,38.62
"Albany County, NY",36001,36865,0.08%,3675626,10.03,790044,46.66,3300.1,29.3,38.71
"Bronx County, NY",36005,261422,0.54%,16950736,15.42,3862023,67.69,3198.98,28.1,38.57
"Broome County, NY",36007,24466,0.05%,2372614,10.31,458201,53.4,3306.35,27.83,38.74
"Chautauqua County, NY",36013,16900,0.04%,1591120,10.62,288847,58.51,3286.72,26.56,38.75
"Dutchess County, NY",36027,32835,0.07%,3554290,9.24,674626,48.67,3326.6,29.85,38.83
"Erie County, NY",36029,118832,0.25%,11049518,10.75,2130608,55.77,3277.4,28.56,38.64
"Jefferson County, NY",36045,24623,0.05%,1395706,17.64,276106,89.18,3346.56,26.39,38.9
"Kings County, NY",36047,495631,1.03%,30703844,16.14,7093320,69.87,3235.52,29.26,38.73
"Monroe County, NY",36055,99907,0.21%,8948341,11.16,1806107,55.32,3291.72,28.61,38.84
"Nassau County, NY",36059,172484,0.36%,16173946,10.66,2972016,58.04,3271.25,31.22,38.67
"New York County, NY",36061,228189,0.47%,19402873,11.76,4992778,45.7,3228.05,31.58,38.71
"Niagara County, NY",36063,26133,0.05%,2569176,10.17,469811,55.62,3284.89,27.83,38.6
"Oneida County, NY",36065,30908,0.06%,2797365,11.05,503402,61.4,3307.39,27.55,38.76
"Onondaga County, NY",36067,63988,0.13%,5589677,11.45,1122515,57,3316.01,28.36,38.88
"Ontario County, NY",36069,12452,0.03%,1301669,9.57,231902,53.7,3367.94,28.68,38.96
"Orange County, NY",36071,61147,0.13%,4505666,13.57,856562,71.39,3309.12,29.13,38.91
"Oswego County, NY",36075,15802,0.03%,1450258,10.9,283377,55.76,3351.36,26.84,39.05
"Queens County, NY",36081,363562,0.76%,27266928,13.33,5868825,61.95,3226.56,29.77,38.69
"Rensselaer County, NY",36083,20417,0.04%,1914255,10.67,373873,54.61,3333.26,28.44,38.86
"Richmond County, NY",36085,66343,0.14%,5652343,11.74,1126026,58.92,3261.43,30.02,38.74
"Rockland County, NY",36087,62033,0.13%,3812484,16.27,696753,89.03,3322.51,29.69,39.08
"St. Lawrence County, NY",36089,14062,0.03%,1333383,10.55,256680,54.78,3338.17,27.06,38.94
"Saratoga County, NY",36091,26557,0.06%,2676474,9.92,496862,53.45,3370.87,29.97,38.92
"Schenectady County, NY",36093,22077,0.05%,1855734,11.9,357708,61.72,3292.92,28.58,38.7
"Suffolk County, NY",36103,195496,0.41%,17905040,10.92,3351996,58.32,3287.33,30.3,38.63
"Tompkins County, NY",36109,3965,0.01%,522083,7.59,137153,28.91,3351.83,30.2,39.03
"Ulster County, NY",36111,19369,0.04%,2174189,8.91,397831,48.69,3352.24,29.16,39.01
"Westchester County, NY",36119,129688,0.27%,11521976,11.26,2184631,59.36,3259.31,31.12,38.58
"Unidentified Counties, NY",36999,235679,0.49%,23728125,9.93,4266032,55.25,3344.26,27.7,38.92
"Alamance County, NC",37001,22295,0.05%,1857673,12,374995,59.45,3250.54,27.32,38.63
"Brunswick County, NC",37019,5119,0.01%,636195,8.05,88836,57.62,3267.77,28.02,38.66
"Buncombe County, NC",37021,31340,0.07%,2949541,10.63,573080,54.69,3282.32,28.42,38.67
"Cabarrus County, NC",37025,29484,0.06%,2253497,13.08,459084,64.22,3257.75,28.22,38.59
"Catawba County, NC",37035,21687,0.05%,1861269,11.65,347782,62.36,3275.82,26.91,38.8
"Craven County, NC",37049,7115,0.01%,516896,13.76,92528,76.9,3277.01,26.87,38.79
"Cumberland County, NC",37051,68168,0.14%,3873741,17.6,865373,78.77,3233.17,26.3,38.7
"Davidson County, NC",37057,21476,0.04%,1961007,10.95,359992,59.66,3239.42,26.68,38.68
"Durham County, NC",37063,51846,0.11%,3416264,15.18,819147,63.29,3259.93,28.99,38.69
"Forsyth County, NC",37067,55568,0.12%,4317726,12.87,891474,62.33,3216.91,27.75,38.71
"Gaston County, NC",37071,31131,0.06%,2525863,12.32,496675,62.68,3234,26.81,38.75
"Guilford County, NC",37081,73996,0.15%,6033301,12.26,1317969,56.14,3224.49,28.06,38.52
"Harnett County, NC",37085,9376,0.02%,652655,14.37,137197,68.34,3273.21,27.97,38.71
"Henderson County, NC",37089,5399,0.01%,570469,9.46,89673,60.21,3275.3,28.11,38.68
"Iredell County, NC",37097,22326,0.05%,1978002,11.29,374515,59.61,3270.51,27.73,38.68
"Johnston County, NC",37101,27858,0.06%,2136213,13.04,426421,65.33,3299.76,27.85,38.72
"Mecklenburg County, NC",37119,173230,0.36%,11755063,14.74,2731903,63.41,3233.1,29.06,38.66
"New Hanover County, NC",37129,27500,0.06%,2543194,10.81,551096,49.9,3292.42,28.75,38.75
"Onslow County, NC",37133,49356,0.10%,2183965,22.6,468817,105.28,3328.47,25.57,39.12
"Orange County, NC",37135,14938,0.03%,1651718,9.04,407942,36.62,3322.43,30.36,38.9
"Pitt County, NC",37147,25999,0.05%,2058647,12.63,522298,49.78,3219.8,27.41,38.59
"Randolph County, NC",37151,19760,0.04%,1705106,11.59,314445,62.84,3279.26,26.71,38.68
"Robeson County, NC",37155,23227,0.05%,1601822,14.5,328749,70.65,3146.56,25.37,38.5
"Rowan County, NC",37159,19484,0.04%,1664470,11.71,310821,62.69,3231.77,26.56,38.62
"Union County, NC",37179,29638,0.06%,2540214,11.67,502305,59,3308.82,28.81,38.76
"Wake County, NC",37183,153556,0.32%,11553124,13.29,2595480,59.16,3306.14,29.87,38.79
"Wayne County, NC",37191,20322,0.04%,1475376,13.77,285707,71.13,3280.25,26.4,38.86
"Unidentified Counties, NC",37999,430775,0.90%,39186651,10.99,6930289,62.16,3241.21,26.58,38.63
"Cass County, ND",38017,28356,0.06%,1927679,14.71,448071,63.28,3352.89,28.64,38.81
"Unidentified Counties, ND",38999,93188,0.19%,6597055,14.13,1206277,77.25,3350.17,27.44,38.68
"Allen County, OH",39003,15670,0.03%,1261940,12.42,226618,69.15,3238.94,26.3,38.39
"Ashtabula County, OH",39007,13827,0.03%,1199946,11.52,204763,67.53,3248.39,26.49,38.53
"Butler County, OH",39017,55847,0.12%,4463024,12.51,916271,60.95,3291.08,27.72,38.63
"Clark County, OH",39023,19787,0.04%,1643849,12.04,300533,65.84,3254.79,25.84,38.59
"Clermont County, OH",39025,29002,0.06%,2398789,12.09,450691,64.35,3330.34,27.84,38.79
"Columbiana County, OH",39029,13309,0.03%,1273300,10.45,211946,62.79,3279.23,26.51,38.63
"Cuyahoga County, OH",39035,181286,0.38%,15214254,11.92,2954106,61.37,3183.94,27.88,38.43
"Delaware County, OH",39041,26136,0.05%,2201598,11.87,429897,60.8,3346.51,30.82,38.67
"Fairfield County, OH",39045,20269,0.04%,1786854,11.34,335462,60.42,3296.01,27.78,38.55
"Franklin County, OH",39049,222223,0.46%,14523692,15.3,3307203,67.19,3241.07,28.26,38.51
"Greene County, OH",39057,21420,0.04%,1959214,10.93,403495,53.09,3317.25,28.06,38.63
"Hamilton County, OH",39061,133186,0.28%,9666932,13.78,1965093,67.78,3225.91,27.86,38.5
"Lake County, OH",39085,27725,0.06%,2755873,10.06,483337,57.36,3283.81,28.71,38.61
"Licking County, OH",39089,23777,0.05%,2022601,11.76,383446,62.01,3311.69,27.43,38.64
"Lorain County, OH",39093,40655,0.08%,3639704,11.17,662394,61.38,3274.36,27.7,38.63
"Lucas County, OH",39095,69326,0.14%,5250454,13.2,1050921,65.97,3219.99,26.84,38.48
"Mahoning County, OH",39099,29362,0.06%,2824732,10.39,488683,60.08,3182.21,27.24,38.36
"Medina County, OH",39103,21458,0.04%,2092148,10.26,376104,57.05,3330.52,29.43,38.7
"Miami County, OH",39109,5967,0.01%,524147,11.38,91549,65.18,3350.56,27.62,38.76
"Montgomery County, OH",39113,81373,0.17%,6417037,12.68,1242512,65.49,3245.76,27.06,38.47
"Portage County, OH",39133,17681,0.04%,1940196,9.11,422045,41.89,3311.8,28.12,38.75
"Richland County, OH",39139,17112,0.04%,1477306,11.58,246810,69.33,3254.36,26.14,38.58
"Stark County, OH",39151,50540,0.11%,4499830,11.23,819284,61.69,3268.96,27.14,38.65
"Summit County, OH",39153,73987,0.15%,6501131,11.38,1234506,59.93,3253.14,27.93,38.56
"Trumbull County, OH",39155,26013,0.05%,2480959,10.49,426133,61.04,3236.57,26.82,38.53
"Warren County, OH",39165,29539,0.06%,2623388,11.26,487890,60.54,3337.18,29.38,38.68
"Wayne County, OH",39169,18389,0.04%,1382547,13.3,254357,72.3,3360.17,27.77,38.9
"Wood County, OH",39173,16326,0.03%,1535978,10.63,342255,47.7,3320.85,28.18,38.66
"Unidentified Counties, OH",39999,386596,0.80%,33349830,11.59,6014317,64.28,3293.83,26.65,38.64
"Canadian County, OK",40017,8893,0.02%,683865,13,138978,63.99,3327.93,28.16,38.55
"Cleveland County, OK",40027,35530,0.07%,3176347,11.19,717816,49.5,3293.17,27.7,38.46
"Comanche County, OK",40031,23138,0.05%,1472492,15.71,304145,76.08,3263.5,25.91,38.59
"Oklahoma County, OK",40109,145840,0.30%,8963404,16.27,1869201,78.02,3234.48,27.05,38.46
"Tulsa County, OK",40143,113026,0.24%,7424985,15.22,1525526,74.09,3249.97,27.17,38.32
"Unidentified Counties, OK",40999,308669,0.64%,24094944,12.81,4455607,69.28,3269.51,25.82,38.49
"Clackamas County, OR",41005,48110,0.10%,4673611,10.29,857730,56.09,3385.05,29.15,38.96
"Deschutes County, OR",41017,21677,0.05%,2018934,10.74,369243,58.71,3307.54,28.77,38.83
"Douglas County, OR",41019,13067,0.03%,1293814,10.1,203990,64.06,3321.6,26.47,38.82
"Jackson County, OR",41029,27899,0.06%,2502024,11.15,443771,62.87,3349.33,27.42,38.87
"Lane County, OR",41039,42713,0.09%,4304865,9.92,868985,49.15,3361.34,28.09,38.89
"Linn County, OR",41043,17664,0.04%,1430953,12.34,264349,66.82,3378.1,27.1,38.95
"Marion County, OR",41047,54696,0.11%,3889168,14.06,757243,72.23,3381.09,27.41,39
"Multnomah County, OR",41051,113457,0.24%,9133472,12.42,2106315,53.87,3351.93,29.8,38.91
"Washington County, OR",41067,85822,0.18%,6628899,12.95,1416476,60.59,3359.64,29.57,38.87
"Unidentified Counties, OR",41999,123983,0.26%,11382546,10.89,1998135,62.05,3354.53,27.34,38.92
"Adams County, PA",42001,4843,0.01%,511336,9.47,88158,54.94,3326.65,28.17,38.82
"Allegheny County, PA",42003,157715,0.33%,14705582,10.72,2848847,55.36,3273.2,29.2,38.68
"Beaver County, PA",42007,20546,0.04%,2031908,10.11,344818,59.59,3316.96,28,38.8
"Berks County, PA",42011,58474,0.12%,4955876,11.8,947522,61.71,3287.65,27.61,38.78
"Blair County, PA",42013,16197,0.03%,1511091,10.72,267387,60.58,3303.37,27.12,38.87
"Bucks County, PA",42017,73368,0.15%,7512400,9.77,1329297,55.19,3325.15,30.3,38.72
"Butler County, PA",42019,21952,0.05%,2221460,9.88,400061,54.87,3342.37,29.37,38.82
"Cambria County, PA",42021,16268,0.03%,1677264,9.7,283054,57.47,3222.11,27.35,38.66
"Centre County, PA",42027,15134,0.03%,1879732,8.05,455287,33.24,3357.83,29.49,38.97
"Chester County, PA",42029,67242,0.14%,6079120,11.06,1143609,58.8,3358.01,30.54,38.86
"Cumberland County, PA",42041,30694,0.06%,2887204,10.63,550056,55.8,3356.35,28.83,38.9
"Dauphin County, PA",42043,41494,0.09%,3244210,12.79,626510,66.23,3261.15,27.75,38.67
"Delaware County, PA",42045,80687,0.17%,6730503,11.99,1334220,60.48,3282.34,29.61,38.64
"Erie County, PA",42049,38134,0.08%,3338885,11.42,645795,59.05,3247.42,27.22,38.54
"Fayette County, PA",42051,16439,0.03%,1622176,10.13,275155,59.74,3218.44,26.6,38.52
"Franklin County, PA",42055,22351,0.05%,1813773,12.32,328668,68,3323.02,27.42,38.77
"Lackawanna County, PA",42069,26525,0.06%,2556217,10.38,474472,55.9,3277.43,28.31,38.64
"Lancaster County, PA",42071,85574,0.18%,6329539,13.52,1200852,71.26,3359.29,28.13,38.88
"Lebanon County, PA",42075,19494,0.04%,1626688,11.98,291546,66.86,3306.19,27.57,38.69
"Lehigh County, PA",42077,50850,0.11%,4261858,11.93,825886,61.57,3271.72,28.13,38.74
"Luzerne County, PA",42079,38401,0.08%,3829318,10.03,682712,56.25,3265.24,27.59,38.66
"Lycoming County, PA",42081,15015,0.03%,1390841,10.8,256542,58.53,3305.34,27.11,38.78
"Mercer County, PA",42085,13803,0.03%,1379956,10,237419,58.14,3270.77,27.24,38.69
"Monroe County, PA",42089,18037,0.04%,2017350,8.94,382240,47.19,3259.37,28.59,38.64
"Montgomery County, PA",42091,107709,0.22%,9707359,11.1,1811101,59.47,3323.71,30.6,38.83
"Northampton County, PA",42095,35625,0.07%,3592195,9.92,667372,53.38,3274.67,28.91,38.68
"Philadelphia County, PA",42101,271097,0.56%,18531595,14.63,4334609,62.54,3171.91,27.42,38.44
"Schuylkill County, PA",42107,16649,0.03%,1753589,9.49,285506,58.31,3290.93,27.4,38.69
"Washington County, PA",42125,24263,0.05%,2493167,9.73,432534,56.1,3298.22,28.56,38.75
"Westmoreland County, PA",42129,37757,0.08%,4329079,8.72,709187,53.24,3299.27,28.6,38.74
"York County, PA",42133,59920,0.12%,5257610,11.4,977531,61.3,3306.68,27.84,38.76
"Unidentified Counties, PA",42999,210239,0.44%,21033337,10,3617679,58.11,3311.98,27.22,38.84
"Kent County, RI",44003,19093,0.04%,1985285,9.62,361055,52.88,3339.66,29.46,38.86
"Providence County, RI",44007,89994,0.19%,7566163,11.89,1615039,55.72,3269.62,28.21,38.74
"Washington County, RI",44009,11405,0.02%,1518706,7.51,289453,39.4,3364.3,30.1,38.89
"Unidentified Counties, RI",44999,13004,0.03%,1586333,8.2,284548,45.7,3356.13,30.35,38.95
"Aiken County, SC",45003,22024,0.05%,1953598,11.27,365395,60.27,3220.4,26.71,38.47
"Anderson County, SC",45007,27519,0.06%,2291529,12.01,432676,63.6,3242.42,26.47,38.53
"Beaufort County, SC",45013,25058,0.05%,2048500,12.23,342789,73.1,3240.29,27.49,38.48
"Berkeley County, SC",45015,31643,0.07%,2307190,13.71,473582,66.82,3270.8,27.34,38.58
"Charleston County, SC",45019,59052,0.12%,4445845,13.28,957083,61.7,3228.42,28.67,38.46
"Dorchester County, SC",45035,9227,0.02%,771823,11.95,156750,58.86,3283.55,28.31,38.64
"Florence County, SC",45041,21476,0.04%,1649528,13.02,338767,63.39,3125.6,26.69,38.13
"Greenville County, SC",45045,77222,0.16%,5662193,13.64,1152108,67.03,3268.22,27.97,38.6
"Horry County, SC",45051,37811,0.08%,3504067,10.79,632200,59.81,3213.94,27.26,38.32
"Lexington County, SC",45063,39599,0.08%,3263460,12.13,644932,61.4,3269.95,27.56,38.34
"Pickens County, SC",45077,14746,0.03%,1445963,10.2,310244,47.53,3288.07,26.62,38.66
"Richland County, SC",45079,58559,0.12%,4731185,12.38,1106821,52.91,3164.12,27.86,38.21
"Spartanburg County, SC",45083,44521,0.09%,3501161,12.72,695333,64.03,3237.96,26.67,38.45
"Sumter County, SC",45085,18193,0.04%,1286726,14.14,256935,70.81,3189.11,26.17,38.38
"York County, SC",45091,35515,0.07%,2875942,12.35,595075,59.68,3277.79,27.96,38.67
"Unidentified Counties, SC",45999,180892,0.38%,15425667,11.73,2827080,63.99,3159.77,26.06,38.3
"Minnehaha County, SD",46099,34282,0.07%,2131165,16.09,434224,78.95,3330.95,28.01,38.67
"Pennington County, SD",46103,7554,0.02%,548186,13.78,98713,76.52,3310.43,27.51,38.7
"Unidentified Counties, SD",46999,103360,0.21%,7363955,14.04,1335248,77.41,3341.5,27.32,38.64
"Blount County, TN",47009,15427,0.03%,1504082,10.26,273255,56.46,3269.87,26.88,38.43
"Davidson County, TN",47037,119361,0.25%,7823217,15.26,1846743,64.63,3246.94,28.22,38.55
"Hamilton County, TN",47065,50647,0.11%,4146645,12.21,827089,61.24,3191.55,27.38,38.2
"Knox County, TN",47093,63055,0.13%,5312184,11.87,1123578,56.12,3261.32,27.93,38.45
"Montgomery County, TN",47125,39382,0.08%,2194495,17.95,515263,76.43,3292.01,26.48,38.63
"Rutherford County, TN",47149,46819,0.10%,3380420,13.85,783002,59.79,3250.59,27.79,38.33
"Shelby County, TN",47157,167154,0.35%,11191506,14.94,2403970,69.53,3141.94,26.73,38.24
"Sullivan County, TN",47163,18944,0.04%,1881010,10.07,326912,57.95,3249.52,26.49,38.51
"Sumner County, TN",47165,24613,0.05%,2026561,12.15,391498,62.87,3299.99,27.53,38.61
"Washington County, TN",47179,15943,0.03%,1493950,10.67,304605,52.34,3265.18,27.31,38.56
"Williamson County, TN",47187,25794,0.05%,2382909,10.82,450597,57.24,3355.1,30.92,38.57
"Wilson County, TN",47189,7673,0.02%,664135,11.55,124647,61.56,3282.08,28.58,38.37
"Unidentified Counties, TN",47999,384977,0.80%,33716561,11.42,6105893,63.05,3242.16,26.04,38.47
"Bell County, TX",48027,74648,0.16%,3869953,19.29,872055,85.6,3238.47,26.17,38.61
"Bexar County, TX",48029,324496,0.67%,21653713,14.99,4707978,68.92,3206.19,27.25,38.32
"Brazoria County, TX",48039,57264,0.12%,3963306,14.45,801168,71.48,3246.84,27.99,38.38
"Brazos County, TX",48041,32351,0.07%,2446510,13.22,680064,47.57,3261.12,27.33,38.47
"Cameron County, TX",48061,88792,0.18%,4945101,17.96,1029522,86.25,3205.7,26.26,38.28
"Collin County, TX",48085,129669,0.27%,10219074,12.69,2205149,58.8,3268.55,30.14,38.47
"Comal County, TX",48091,7535,0.02%,676912,11.13,117584,64.08,3275.06,28.62,38.44
"Dallas County, TX",48113,483620,1.01%,29573541,16.35,6557742,73.75,3239.94,27.47,38.59
"Denton County, TX",48121,114942,0.24%,8709359,13.2,2001901,57.42,3287.84,29.28,38.5
"Ector County, TX",48135,33414,0.07%,1761410,18.97,370545,90.18,3158.1,25.33,38.07
"Ellis County, TX",48139,25325,0.05%,1888586,13.41,382827,66.15,3301.29,27.07,38.59
"El Paso County, TX",48141,161503,0.34%,9776986,16.52,2089775,77.28,3171.89,26.34,38.36
"Fort Bend County, TX",48157,103691,0.22%,7795992,13.3,1639358,63.25,3215.09,29.98,38.27
"Galveston County, TX",48167,48883,0.10%,3692943,13.24,730529,66.91,3243.25,27.71,38.4
"Grayson County, TX",48181,18711,0.04%,1486185,12.59,274616,68.14,3252.3,26.08,38.49
"Gregg County, TX",48183,22518,0.05%,1467279,15.35,290588,77.49,3231.85,25.84,38.33
"Guadalupe County, TX",48187,9092,0.02%,777117,11.7,156338,58.16,3253.91,28.3,38.38
"Harris County, TX",48201,838226,1.74%,51621621,16.24,11385089,73.62,3220.12,27.82,38.38
"Hays County, TX",48209,12494,0.03%,1021350,12.23,244676,51.06,3301.98,28.93,38.6
"Hidalgo County, TX",48215,191869,0.40%,9654373,19.87,2103860,91.2,3196.34,26.37,38.15
"Jefferson County, TX",48245,42723,0.09%,3030159,14.1,575393,74.25,3182.91,26.29,38.37
"Johnson County, TX",48251,24794,0.05%,1875539,13.22,363058,68.29,3306.56,26.44,38.62
"Kaufman County, TX",48257,8191,0.02%,595781,13.75,120072,68.22,3275.94,27.76,38.51
"Lubbock County, TX",48303,49513,0.10%,3454690,14.33,793734,62.38,3179.87,26.25,38.32
"McLennan County, TX",48309,41669,0.09%,2884027,14.45,629362,66.21,3281.86,26.32,38.58
"Midland County, TX",48329,31220,0.06%,1790086,17.44,371951,83.94,3213.54,26.31,38.29
"Montgomery County, TX",48339,81188,0.17%,5973302,13.59,1181017,68.74,3301.88,28.11,38.6
"Nueces County, TX",48355,58055,0.12%,4186332,13.87,856367,67.79,3218.41,26.46,38.26
"Parker County, TX",48367,7480,0.02%,650481,11.5,118104,63.33,3314.87,28.04,38.71
"Potter County, TX",48375,24256,0.05%,1451116,16.72,284234,85.34,3184,25.55,38.45
"Randall County, TX",48381,19536,0.04%,1507719,12.96,314282,62.16,3248.09,27.07,38.56
"Smith County, TX",48423,36716,0.08%,2589339,14.18,524897,69.95,3267.36,26.76,38.59
"Tarrant County, TX",48439,339554,0.71%,22771516,14.91,4945923,68.65,3255.89,27.74,38.51
"Taylor County, TX",48441,24895,0.05%,1601163,15.55,345489,72.06,3210.36,25.92,38.33
"Tom Green County, TX",48451,19022,0.04%,1362787,13.96,281051,67.68,3244.17,26.06,38.49
"Travis County, TX",48453,191501,0.40%,13249002,14.45,3176684,60.28,3286.43,29.02,38.62
"Webb County, TX",48479,65439,0.14%,3107547,21.06,688745,95.01,3207.84,26.25,38.2
"Wichita County, TX",48485,21230,0.04%,1577583,13.46,307453,69.05,3261.29,25.85,38.46
"Williamson County, TX",48491,75926,0.16%,5613413,13.53,1218494,62.31,3306.36,29.38,38.57
"Unidentified Counties, TX",48999,768940,1.60%,59292637,12.97,10721991,71.72,3238.76,26.01,38.42
"Cache County, UT",49005,11294,0.02%,613385,18.41,150029,75.28,3288.3,27.88,38.49
"Davis County, UT",49011,69710,0.14%,3849561,18.11,814560,85.58,3267.25,28.42,38.49
"Salt Lake County, UT",49035,215608,0.45%,12830962,16.8,2832815,76.11,3256.4,28.27,38.61
"Utah County, UT",49049,143789,0.30%,6558564,21.92,1581994,90.89,3313.07,27.97,38.67
"Washington County, UT",49053,11022,0.02%,805157,13.69,146461,75.26,3308.16,28.11,38.63
"Weber County, UT",49057,47770,0.10%,2849984,16.76,597633,79.93,3229.16,27.05,38.49
"Unidentified Counties, UT",49999,119551,0.25%,7066825,16.92,1418462,84.28,3252.13,27.3,38.53
"Chittenden County, VT",50007,18531,0.04%,1906520,9.72,432247,42.87,3379.38,30.17,39.09
"Unidentified Counties, VT",50999,53592,0.11%,5597896,9.57,973560,55.05,3361.58,28.23,39.12
"Arlington County, VA",51013,36844,0.08%,2617891,14.07,699041,52.71,3325.45,32,38.86
"Chesterfield County, VA",51041,45257,0.09%,3915033,11.56,796140,56.85,3286.78,29.15,38.79
"Fairfax County, VA",51059,177057,0.37%,13286643,13.33,2725377,64.97,3296.56,31.07,38.68
"Henrico County, VA",51087,47652,0.10%,3783031,12.6,789052,60.39,3241.97,29.23,38.5
"Loudoun County, VA",51107,61414,0.13%,4129782,14.87,887785,69.18,3310.72,31.33,38.7
"Prince William County, VA",51153,80550,0.17%,5105729,15.78,1103453,73,3300.19,29.49,38.72
"Spotsylvania County, VA",51177,7756,0.02%,658944,11.77,127548,60.81,3315.44,28.75,38.79
"Stafford County, VA",51179,8570,0.02%,722965,11.85,145948,58.72,3327.47,29.3,38.84
"Alexandria city, VA",51510,32981,0.07%,1759561,18.74,453053,72.8,3310.72,31.17,38.78
"Chesapeake city, VA",51550,34578,0.07%,2752102,12.56,562606,61.46,3259.84,28.04,38.7
"Hampton city, VA",51650,21752,0.05%,1642109,13.25,353285,61.57,3221.83,26.76,38.68
"Newport News city, VA",51700,35364,0.07%,2173080,16.27,490123,72.15,3225.83,26.65,38.69
"Norfolk city, VA",51710,45201,0.09%,2927241,15.44,658336,68.66,3192.53,26.47,38.59
"Portsmouth city, VA",51740,11085,0.02%,672911,16.47,139184,79.64,3154.58,25.9,38.31
"Richmond city, VA",51760,36764,0.08%,2557430,14.38,642513,57.22,3154.55,27.33,38.34
"Virginia Beach city, VA",51810,73387,0.15%,5336219,13.75,1143253,64.19,3287.53,28.22,38.77
"Unidentified Counties, VA",51999,484528,1.01%,44122457,10.98,8293051,58.43,3278.27,27.56,38.78
"Benton County, WA",53005,30765,0.06%,2192632,14.03,421722,72.95,3333.29,27.45,38.63
"Clark County, WA",53011,66832,0.14%,5320244,12.56,1045853,63.9,3376.8,28.41,38.86
"Cowlitz County, WA",53015,6217,0.01%,526658,11.8,92503,67.21,3361.02,27.16,38.91
"King County, WA",53033,300879,0.63%,24356752,12.35,5272237,57.07,3344.07,30.67,38.92
"Kitsap County, WA",53035,35809,0.07%,3069886,11.66,554075,64.63,3389.76,27.89,38.85
"Pierce County, WA",53053,136670,0.28%,9894177,13.81,2038408,67.05,3356.93,27.84,38.87
"Skagit County, WA",53057,17722,0.04%,1438217,12.32,253660,69.87,3395.13,27.68,38.9
"Snohomish County, WA",53061,114169,0.24%,8935843,12.78,1789910,63.78,3376.22,29.21,38.9
"Spokane County, WA",53063,71699,0.15%,5781881,12.4,1158008,61.92,3328.37,27.7,38.86
"Thurston County, WA",53067,37085,0.08%,3139231,11.81,623363,59.49,3385.31,28.29,38.97
"Whatcom County, WA",53073,27016,0.06%,2490352,10.85,529650,51.01,3433.58,28.66,39.03
"Yakima County, WA",53077,49691,0.10%,2939794,16.9,575803,86.3,3316.51,26.71,38.72
"Unidentified Counties, WA",53999,163340,0.34%,13489788,12.11,2372495,68.85,3359.4,27.18,38.88
"Berkeley County, WV",54003,6993,0.01%,567966,12.31,111343,62.81,3311.97,27.56,38.78
"Kanawha County, WV",54039,26027,0.05%,2275293,11.44,410568,63.39,3219.73,26.62,38.23
"Unidentified Counties, WV",54999,210690,0.44%,19244198,10.95,3515371,59.93,3234.33,26.36,38.54
"Brown County, WI",55009,40655,0.08%,3041439,13.37,605952,67.09,3333.01,28.11,38.71
"Dane County, WI",55025,73101,0.15%,6081888,12.02,1375456,53.15,3355.9,29.86,38.9
"Fond du Lac County, WI",55039,5317,0.01%,511490,10.4,91924,57.84,3324.25,28.37,38.68
"Kenosha County, WI",55059,24043,0.05%,2005272,11.99,403158,59.64,3294.51,27.71,38.63
"La Crosse County, WI",55063,15199,0.03%,1392813,10.91,307474,49.43,3378.46,28.52,39.01
"Marathon County, WI",55073,19462,0.04%,1615627,12.05,290283,67.04,3335.61,28.24,38.77
"Milwaukee County, WI",55079,170504,0.35%,11386243,14.97,2495041,68.34,3223.44,27.48,38.57
"Outagamie County, WI",55087,27391,0.06%,2160713,12.68,420228,65.18,3333.69,28.67,38.59
"Racine County, WI",55101,29325,0.06%,2342927,12.52,429626,68.26,3274.59,27.56,38.56
"Rock County, WI",55105,23634,0.05%,1932244,12.23,369360,63.99,3314.08,27.25,38.72
"Sheboygan County, WI",55117,15522,0.03%,1384065,11.21,242186,64.09,3355.52,28.09,38.85
"Walworth County, WI",55127,4953,0.01%,516090,9.6,97242,50.93,3343.8,28.85,38.86
"Washington County, WI",55131,16338,0.03%,1593265,10.25,277429,58.89,3356.8,29.52,38.71
"Waukesha County, WI",55133,46346,0.10%,4720366,9.82,820327,56.5,3351.21,30.39,38.72
"Winnebago County, WI",55139,22687,0.05%,2018781,11.24,400761,56.61,3329.19,28.22,38.62
"Unidentified Counties, WI",55999,281542,0.59%,26002336,10.83,4500500,62.56,3373.68,28.07,38.86
"Unidentified Counties, WY",56999,90295,0.19%,6844437,13.19,1293693,69.8,3194.87,27,38.63